{"Cx":319.5,"Cy":239.5,"Fx":627,"Fy":627,"K0":0.17000000178813934,"K1":-0.37999999523162842,"K2":0,"Tc0":0.064000003039836884,"Tc1":-0.017000000923871994,"Tc2":0,"TcVar0":9.9999999747524271e-07,"TcVar1":9.9999999747524271e-07,"TcVar2":1.000000013351432e-10,"Wc0":2.2214415073394775,"Wc1":-2.2214415073394775,"Wc2":0,"WcVar0":9.9999999747524271e-07,"WcVar1":9.9999999747524271e-07,"WcVar2":9.9999999747524271e-07,"aMeasVar":0.00022821025049779564,"abias0":0,"abias1":0,"abias2":0,"abiasvar0":0.0096039995551109314,"abiasvar1":0.0096039995551109314,"abiasvar2":0.0096039995551109314,"calibrationVersion":7,"imageHeight":480,"imageWidth":640,"px":0,"py":0,"shutterDelay":0,"shutterPeriod":33333,"wMeasVar":1.3707783182326239e-05,"wbias0":0,"wbias1":0,"wbias2":0,"wbiasvar0":0.0076154354028403759,"wbiasvar1":0.0076154354028403759,"wbiasvar2":0.0076154354028403759}