{"calibrationVersion":7,"Fx":596,"Fy":596,"Cx":319.5,"Cy":239.5,"px":0,"py":0,"K0":0.11999999731779099,"K1":-0.20000000298023224,"K2":0,"abias0":0,"abias1":0,"abias2":0,"wbias0":0,"wbias1":0,"wbias2":0,"Tc0":0.0099999997764825821,"Tc1":0.0080000003799796104,"Tc2":0,"Wc0":2.2214415073394775,"Wc1":-2.2214415073394775,"Wc2":0,"abiasvar0":0.0096039995551109314,"abiasvar1":0.0096039995551109314,"abiasvar2":0.0096039995551109314,"wbiasvar0":0.0076154354028403759,"wbiasvar1":0.0076154354028403759,"wbiasvar2":0.0076154354028403759,"TcVar0":9.9999999747524271e-07,"TcVar1":9.9999999747524271e-07,"TcVar2":1.000000013351432e-10,"WcVar0":9.9999999747524271e-07,"WcVar1":9.9999999747524271e-07,"WcVar2":9.9999999747524271e-07,"wMeasVar":1.3707783182326239e-05,"aMeasVar":0.00022821025049779564,"imageWidth":640,"imageHeight":480,"shutterDelay":0,"shutterPeriod":33333}