{
  "cameras": [
    {
      "extrinsics": {
        "W_variance": [
          1e-06, 
          1e-06, 
          1e-06
        ], 
        "T_variance": [
          1e-06, 
          1e-06, 
          1e-06
        ], 
        "T": [
          0, 
          0, 
          0
        ], 
        "W": [
          0.0, 
          0.0, 
          0.0
        ]
      }, 
      "size_px": [
        640, 
        480
      ], 
      "distortion": {
        "type": "undistorted"
      }, 
      "focal_length_px": [
        383.56915283203125, 
        383.56915283203125
      ], 
      "center_px": [
        316.68218994140625, 
        250.85150146484375
      ]
    }, 
    {
      "extrinsics": {
        "W_variance": [
          1e-06, 
          1e-06, 
          1e-06
        ], 
        "T_variance": [
          1e-06, 
          1e-06, 
          1e-06
        ], 
        "T": [
          0.04983789473772049, 
          0, 
          0
        ], 
        "W": [
          0.0, 
          0.0, 
          0.0
        ]
      }, 
      "size_px": [
        640, 
        480
      ], 
      "distortion": {
        "type": "undistorted"
      }, 
      "focal_length_px": [
        383.56915283203125, 
        383.56915283203125
      ], 
      "center_px": [
        316.68218994140625, 
        250.85150146484375
      ]
    }, 
    {
      "extrinsics": {
        "W_variance": [
          1e-06, 
          1e-06, 
          1e-06
        ], 
        "T_variance": [
          1e-06, 
          1e-06, 
          1e-06
        ], 
        "T": [
          -0.014606872573494911, 
          -9.472561214352027e-05, 
          -3.136502709821798e-05
        ], 
        "W": [
          -0.0021737926370722074, 
          -0.00714879020294126, 
          0.0042733134771941505
        ]
      }, 
      "size_px": [
        640, 
        480
      ], 
      "distortion": {
        "type": "undistorted"
      }, 
      "focal_length_px": [
        614.3536987304688, 
        614.146240234375
      ], 
      "center_px": [
        321.9540100097656, 
        238.92257690429688
      ]
    }
  ], 
  "depths": [
    {
      "extrinsics": {
        "W_variance": [
          1e-06, 
          1e-06, 
          1e-06
        ], 
        "T_variance": [
          1e-06, 
          1e-06, 
          1e-06
        ], 
        "T": [
          0, 
          0, 
          0
        ], 
        "W": [
          0.0, 
          0.0, 
          0.0
        ]
      }, 
      "size_px": [
        640, 
        480
      ], 
      "distortion": {
        "type": "undistorted"
      }, 
      "focal_length_px": [
        383.56915283203125, 
        383.56915283203125
      ], 
      "center_px": [
        316.68218994140625, 
        250.85150146484375
      ]
    }
  ], 
  "imus": [
        {
            "extrinsics": {
                "W_variance": [
                    9.999999974752427e-07, 
                    9.999999974752427e-07, 
                    9.999999974752427e-07
                ], 
                "T_variance": [
                    9.999999974752427e-07, 
                    9.999999974752427e-07, 
                    9.999999974752427e-07
                ], 
                "T": [
                    0.00552, 
                    -0.0051, 
                    -0.01174
                ], 
                "W": [
                    0.0052394,  
                    0.01721562,  
                    0.00113624
                ]
            }, 
            "gyroscope": {
                "scale_and_alignment": [
                    1.0051496350099856,
                    0.0,
                    0.0,
                    0.0,
                    1.020726908402013,
                    0.0,
                    0.0,
                    0.0,
                    0.9983424232024207
                ],
                "bias": [
                    -0.0006697454944322464,
                    -0.0011600629783945754,
                    -0.002901910263399561
                ],
                "bias_variance": [
                    5e-7,
                    5e-7,
                    5e-7
                ],
                "noise_variance": 0.000005148029999999999
            },
            "accelerometer": {
                "scale_and_alignment": [
                    1.0200423386022493,
                    0.0,
                    0.0,
                    0.0,
                    1.028529273644196,
                    0.0,
                    0.0,
                    0.0,
                    1.0022970702880064
                ],
                "bias": [
                    -0.16541906621101366,
                    -0.15135925104571544,
                    0.2841206217461854
                ],
                "bias_variance": [
                    0.0001,
                    0.0001,
                    0.0001
                ],
                "noise_variance": 0.00006699999999999999
            }
        }
  ], 
  "device_type": "Intel RealSense D435I", 
  "calibration_version": 10, 
  "device_id": "838212071360"
}