{
    "device_id": "default",
    "device_type": "TM2",
    "calibration_version": 10,
    "cameras": [
        {
            "size_px": [
                640,
                480
            ],
            "center_px": [
                320.7322082519531,
                242.9151
            ],
            "focal_length_px": [
                382.7279357910156,
                382.7279357910156
            ],
            "distortion": {
                "k": [
                    0.0,
                    0.0,
                    0.0,
                    0.0
                ],
                "type": "kannalabrandt4"
            },
            "extrinsics": {
                "T": [
                    0.0,
                    0.0,
                    0.0
                ],
                "T_variance": [
                    0.000001,
                    0.000001,
                    0.000001
                ],
                "W": [
                    0.0,
                    0.0,
                    0.0
                ],
                "W_variance": [
                    0.000001,
                    0.000001,
                    0.000001
                ]
            }
        }
    ],
    "depths": [],
    "imus": [
        {
            "accelerometer": {
                "scale_and_alignment": [
                    1.0245975339214107,
                    0.0,
                    0.0,
                    0.0,
                    1.020449583679958,
                    0.0,
                    0.0,
                    0.0,
                    1.0041500297954989
                ],
                "bias": [
                    -0.13851994881234296,
                    0.13611034706521847,
                    0.25580516167636788
                ],
                "bias_variance": [
                    0.0001,
                    0.0001,
                    0.0001
                ],
                "noise_variance": 0.00006699999999999999
            },
            "gyroscope": {
                "scale_and_alignment": [
                    1.0011241172832924,
                    0.0,
                    0.0,
                    0.0,
                    1.004270293378634,
                    0.0,
                    0.0,
                    0.0,
                    0.997884516929505
                ],
                "bias": [
                    -0.0015131501082542294,
                    -0.0030956852253500725,
                    -0.003229469238521954
                ],
                "bias_variance": [
                    5e-7,
                    5e-7,
                    5e-7
                ],
                "noise_variance": 0.000005148029999999999
            },
            "extrinsics": {
                "T": [
                    0.00552,
                   -0.0051,
                   -0.01174
                ],
                "T_variance": [
                    0.000001,
                    0.000001,
                    0.000001
                ],
                "W": [
                    -0.00359735,
                    -0.00618507,
                    -0.00425279
                ],
                "W_variance": [
                    0.000001,
                    0.000001,
                    0.000001
                ]
            }
        }
    ]
}