{
  "cameras": [
    {
      "extrinsics": {
        "W_variance": [
          0, 
          0, 
          0
        ], 
        "T_variance": [
          0, 
          0, 
          0
        ], 
        "T": [
          0, 
          0, 
          0
        ], 
        "W": [
          0.0, 
          0.0, 
          0.0
        ]
      }, 
      "size_px": [
        640, 
        480
      ], 
      "distortion": {
        "type": "undistorted"
      }, 
      "focal_length_px": [
        382.7279357910156, 
        382.7279357910156
      ], 
      "center_px": [
        320.7322082519531, 
        242.91510009765625
      ]
    }, 
    {
      "extrinsics": {
        "W_variance": [
          0, 
          0, 
          0
        ], 
        "T_variance": [
          0, 
          0, 
          0
        ], 
        "T": [
          -0.04981447011232376, 
          0, 
          0
        ], 
        "W": [
          0.0, 
          0.0, 
          0.0
        ]
      }, 
      "size_px": [
        640, 
        480
      ], 
      "distortion": {
        "type": "undistorted"
      }, 
      "focal_length_px": [
        382.7279357910156, 
        382.7279357910156
      ], 
      "center_px": [
        320.7322082519531, 
        242.91510009765625
      ]
    }, 
    {
      "extrinsics": {
        "W_variance": [
          0, 
          0, 
          0
        ], 
        "T_variance": [
          0, 
          0, 
          0
        ], 
        "T": [
          0.015178494155406952, 
          0.0004153688787482679, 
          0.00034920888720080256
        ], 
        "W": [
          -0.0009543058618942086, 
          -0.0066496329702882846, 
          -0.003395326197084362
        ]
      }, 
      "size_px": [
        640, 
        480
      ], 
      "distortion": {
        "type": "undistorted"
      }, 
      "focal_length_px": [
        618.0311279296875, 
        616.1911010742188
      ], 
      "center_px": [
        328.5360107421875, 
        242.39776611328125
      ]
    }
  ], 
  "depths": [
    {
      "extrinsics": {
        "W_variance": [
          0, 
          0, 
          0
        ], 
        "T_variance": [
          0, 
          0, 
          0
        ], 
        "T": [
          0, 
          0, 
          0
        ], 
        "W": [
          0.0, 
          0.0, 
          0.0
        ]
      }, 
      "size_px": [
        640, 
        480
      ], 
      "distortion": {
        "type": "undistorted"
      }, 
      "focal_length_px": [
        382.7279357910156, 
        382.7279357910156
      ], 
      "center_px": [
        320.7322082519531, 
        242.91510009765625
      ]
    }
  ], 
  "imus": [
    {
      "extrinsics": {
        "W_variance": [
          0, 
          0, 
          0
        ], 
        "T_variance": [
          0, 
          0, 
          0
        ], 
        "T": [
          0, 
          0, 
          0
        ], 
        "W": [
          0.0, 
          0.0, 
          0.0
        ]
      }, 
      "accelerometer": {
        "scale_and_alignment": [
          1, 
          0, 
          0, 
          0, 
          1, 
          0, 
          0, 
          0, 
          1
        ], 
        "bias": [
          0, 
          0, 
          0
        ], 
        "noise_variance": 6.7e-05, 
        "bias_variance": [
          0.0001, 
          0.0001, 
          0.0001
        ]
      }, 
      "gyroscope": {
        "scale_and_alignment": [
          1, 
          0, 
          0, 
          0, 
          1, 
          0, 
          0, 
          0, 
          1
        ], 
        "bias": [
          0, 
          0, 
          0
        ], 
        "noise_variance": 5.14803e-06, 
        "bias_variance": [
          5e-07, 
          5e-07, 
          5e-07
        ]
      }
    }
  ], 
  "device_type": "Intel RealSense D435I", 
  "calibration_version": 10, 
  "device_id": ""
}