{
  "cameras": [
    {
      "extrinsics": {
                "T_variance": [
                    0.000001,
                    0.000001,
                    0.000001
                ],
                "W_variance": [
                    0.000001,
                    0.000001,
                    0.000001
                ],
        "T": [
          0, 
          0, 
          0
        ], 
        "W": [
          0.0, 
          0.0, 
          0.0
        ]
      }, 
      "size_px": [
        640, 
        480
      ], 
      "distortion": {
        "type": "undistorted"
      }, 
      "focal_length_px": [
        382.7279357910156, 
        382.7279357910156
      ], 
      "center_px": [
        320.7322082519531, 
        242.91510009765625
      ]
    }, 
    {
      "extrinsics": {
                "T_variance": [
                    0.000001,
                    0.000001,
                    0.000001
                ],
                "W_variance": [
                    0.000001,
                    0.000001,
                    0.000001
                ],
        "T": [
          0.04981447011232376, 
          0, 
          0
        ], 
        "W": [
          0.0, 
          0.0, 
          0.0
        ]
      }, 
      "size_px": [
        640, 
        480
      ], 
      "distortion": {
        "type": "undistorted"
      }, 
      "focal_length_px": [
        382.7279357910156, 
        382.7279357910156
      ], 
      "center_px": [
        320.7322082519531, 
        242.91510009765625
      ]
    }
  ], 
  "depths": [
    {
      "extrinsics": {
                "T_variance": [
                    0.000001,
                    0.000001,
                    0.000001
                ],
                "W_variance": [
                    0.000001,
                    0.000001,
                    0.000001
                ],
        "T": [
          0, 
          0, 
          0
        ], 
        "W": [
          0.0, 
          0.0, 
          0.0
        ]
      }, 
      "size_px": [
        640, 
        480
      ], 
      "distortion": {
        "type": "undistorted"
      }, 
      "focal_length_px": [
        382.7279357910156, 
        382.7279357910156
      ], 
      "center_px": [
        320.7322082519531, 
        242.91510009765625
      ]
    }
  ], 
  "imus": [
    {
      "extrinsics": {
                "W_variance": [
                    0.000001,
                    0.000001,
                    0.000001
                ],
                "T_variance": [
                    0.000001,
                    0.000001,
                    0.000001
                ],
        "T": [
          0.005520000122487545, 
          -0.005100000184029341, 
          -0.011739999987185001
        ], 
        "W": [0.00359737,  0.0061851, 0.00425279]
      }, 
      "accelerometer": {
                "scale_and_alignment": [
                    1.0245975339214107,
                    0.0,
                    0.0,
                    0.0,
                    1.020449583679958,
                    0.0,
                    0.0,
                    0.0,
                    1.0041500297954989
                ],
                "bias": [
                    -0.13851994881234296,
                    0.13611034706521847,
                    0.25580516167636788
                ],
        "noise_variance": 6.7e-05, 
        "bias_variance": [
          0.0001, 
          0.0001, 
          0.0001
        ]
      }, 
      "gyroscope": {
                "scale_and_alignment": [
                    1.0011241172832924,
                    0.0,
                    0.0,
                    0.0,
                    1.004270293378634,
                    0.0,
                    0.0,
                    0.0,
                    0.997884516929505
                ],
                "bias": [
                    -0.0015131501082542294,
                    -0.0030956852253500725,
                    -0.003229469238521954
                ],
        "noise_variance": 5.14803e-06, 
        "bias_variance": [
          5e-07, 
          5e-07, 
          5e-07
        ]
      }
    }
  ], 
  "device_type": "Intel RealSense D435I", 
  "calibration_version": 10, 
  "device_id": ""
}
