{
    "device_id": "default",
    "device_type": "TM2",
    "calibration_version": 10,
    "cameras": [
        {
            "size_px": [
                640,
                480
            ],
            "center_px": [
                320.7322082519531,
                242.9151
            ],
            "focal_length_px": [
                382.7279357910156,
                382.7279357910156
            ],
            "distortion": {
                "k": [
                    0.0,
                    0.0,
                    0.0,
                    0.0
                ],
                "type": "kannalabrandt4"
            },
            "extrinsics": {
                "T": [
                    0.005358846263200488,
                    0.005060172691062942,
                    0.01183154339315049
                ],
                "T_variance": [
                    0.000001,
                    0.000001,
                    0.000001
                ],
                "W": [
                    0.0027276717563126209,
                    -0.014281837474985177,
                    -0.0014117092732227424
                ],
                "W_variance": [
                    0.000001,
                    0.000001,
                    0.000001
                ]
            }
        }
    ],
    "depths": [],
    "imus": [
        {
            "accelerometer": {
                "scale_and_alignment": [
                    1.0247658816011778,
                    0.0,
                    0.0,
                    0.0,
                    1.0208585772508135,
                    0.0,
                    0.0,
                    0.0,
                    1.0009644045883633
                ],
                "bias": [
                    -0.13128711992639675,
                    0.1404066528009301,
                    0.26930746436162308
                ],
                "bias_variance": [
                    0.0001,
                    0.0001,
                    0.0001
                ],
                "noise_variance": 0.0049984899999999999
            },
            "gyroscope": {
                "scale_and_alignment": [
                    1.0028278829283746,
                    0.0,
                    0.0,
                    0.0,
                    1.0110761325669687,
                    0.0,
                    0.0,
                    0.0,
                    0.9965112691423914
                ],
                "bias": [
                    -0.0009647687816714667,
                    -0.0034497029994133585,
                    -0.0033427176427010664
                ],
                "bias_variance": [
                    5e-7,
                    5e-7,
                    5e-7
                ],
                "noise_variance": 0.00019993959999999999
            },
            "extrinsics": {
                "T": [
                    0.0,
                    0.0,
                    0.0
                ],
                "T_variance": [
                    0.000001,
                    0.000001,
                    0.000001
                ],
                "W": [
                    0.0,
                    0.0,
                    0.0
                ],
                "W_variance": [
                    0.000001,
                    0.000001,
                    0.000001
                ]
            }
        }
    ]
}