,Translation X Avg,Translation X Max,Translation X Min,Translation X Std,Translation Y Avg,Translation Y Max,Translation Y Min,Translation Y Std,Translation Z Avg,Translation Z Max,Translation Z Min,Translation Z Std,Rotation Avg,Rotation Max,Rotation Min,Rotation Std,Translation Dist Avg,Translation Dist Max,Translation Dist Min,Translation Dist Std
Zero Drift,2.629241, 3.372355, 1.517892, 0.704680, 2.421916, 8.287920, 0.141065, 2.993486, 1.953442, 5.891123, 0.473154, 1.988336, 0.222342, 0.331621, 0.121481, 0.072715, 4.776078, 9.001745, 1.596173, 2.682278, 
Static Noise (avg of phases),0.746486,1.700184,0.000129,0.388013,1.460039,2.309638,0.002753,0.555042,2.627777,3.947512,0.000919,0.951780,0.081139,0.159829,0.000000,0.043516,3.235275,4.810251,0.031536,1.152652,
Static Noise (phase #0),1.075795, 2.254946, 0.000300, 0.511342, 1.980650, 2.911355, 0.012548, 0.666389, 1.989342, 3.202603, 0.000697, 0.795020, 0.063125, 0.134972, 0.000000, 0.036984, 3.028584, 4.779400, 0.020929, 1.096846, 
Static Noise (phase #1),0.811764, 1.928816, 0.000255, 0.512652, 1.231256, 2.118907, 0.000023, 0.551500, 1.702982, 2.875239, 0.000844, 0.666196, 0.041529, 0.116957, 0.000000, 0.034441, 2.284938, 3.655769, 0.020873, 0.930021, 
Static Noise (phase #2),1.280188, 2.545114, 0.000065, 0.529082, 1.188542, 2.003864, 0.000002, 0.526952, 1.848421, 2.810125, 0.000796, 0.672059, 0.044161, 0.116448, 0.000000, 0.034101, 2.576304, 3.774218, 0.033383, 0.916570, 
Static Noise (phase #3),0.246820, 0.701368, 0.000025, 0.180938, 1.210733, 1.905301, 0.000826, 0.474524, 1.641215, 2.409368, 0.001468, 0.521087, 0.044331, 0.115170, 0.000000, 0.034052, 2.074031, 3.079111, 0.041073, 0.669490, 
Static Noise (phase #4),0.317863, 1.070677, 0.000002, 0.206048, 1.689014, 2.608764, 0.000365, 0.555845, 5.956927, 8.440225, 0.000791, 2.104539, 0.212546, 0.315599, 0.000000, 0.078000, 6.212516, 8.762757, 0.041420, 2.150334, 

